CR_TxIn,CR_TxOut,CR_bal,EPAID,MD221_In,MD221_Out,MD221_x,MD222_In,MD222_Out,MD222_x,MD223_In,MD223_Out,MD223_x,Eval,Type,MDnet,CRnet

36364689,0,36364689,CAT080013352,0,0,51698248,0,0,5338795,101,888,5389416,DK: 62Mgal. CR self-report matches MD 221(51)+2(5.2)+3(5.3); negligible outflows.,XX#X-#,62411349,61813512
6961957,0,6961957,CAD099452708,44646,59500,22295230,0,186,5614,0,1884,8711,ISOCI 22 Mgal MD; 19 Mgal CR; 61k out to golden eagle,XX#X-#,22292577,18720388
13468012,0,13468012,CAD980887418,9263,4591149,22181264,0,0,1645,0,12738,5842,Evergreen - 22 Mgal in 4.6 Mgal out to LES_ ILD000646780_ Cascade,XX#X-#,17571251,14342425
2889096,1347969,1541127,CAT080025711,13763640,1448918,1297039,0,0,0,0,0,0,Adv Environ. MD 15.1 Mgal in 1.4 out DK; CR 11.6 Mgal in 1.35 out DK. to RFO?,XX#XX#,13608908,10289201
357800,0,357800,NVD982358483,0,123,5328571,0,0,0,0,0,348809,CW Env Mgt NV - 5.7 Mgal in neg out; CR 357 kgal in,XX#X-#,5656930,357800
3084636,0,3084636,AZR000003038,0,0,3457782,0,0,0,0,0,0,Major sink; good agreement +-0.4 over 3.5M,X-#X-#,3457782,3084636
43682,0,43682,ORD980980775,0,0,3140789,0,0,0,0,0,13513,Ind Oil OR - orrco? - MD 3.15 Mgal in ; CR 3.4 Mgal in all C139 ; neg out,XX#X-#,3149436,3408644
0,0,0,AZR000030452,0,0,2570517,0,0,2549,0,0,0,MD sink - AZ - 2573066 GAL,X-#-- ,2573066,0
0,0,0,ORQ000001974,0,0,1916599,0,0,0,0,0,0,MD sink - OR - 1916599 GAL,X-#-- ,1916599,0
0,0,0,ORD180761934,0,0,1859290,0,0,0,0,0,0,MD sink - OR - 1859290 GAL,X-#-- ,1859290,0
4335,0,4335,CAT080033681,445,1299932,256152,27,54,65641,32,99198,27,DK environ; 3.2 Mgal in mostly 223; 1.4 Mgal out mostly DK. dewatering. CR 4k in neg.,XX#X-#,1820652,4335
0,0,0,UTC093012201,0,0,1155107,0,0,0,0,0,621978,MD sink - UT - 1777085 GAL,X-#-- ,1777085,0
0,0,0,CAT000646117,2246,2289,4348,32,60,107756,15785,3633,1461707,Chem Was Mgmt CA 1.6 Mgal in 1.48 223 rest 222>>221 mostly H132 H129; 6k out to veolia; CR 0,XX#-- ,1585892,0
0,0,0,ILD000646780,0,0,1081450,0,0,0,0,0,0,MD sink - IL - 1081450 GAL,X-#-- ,1081450,0
33973,0,33973,CAD028409019,132323,365128,410670,0,0,25858,0,0,611223,C&O 1.2M mostly H129; 0.37 M out mostly DK ISOCI liquid titan? CR 34k #,XX#X-#,811535,33973
0,0,0,UTD981552177,115,2003,492232,0,0,179063,3421,2567,50648,Clean Harbors aragonite 725k in incl 227k H040; 4k out; CR 0,XX#-- ,720909,0
0,0,0,CA7170090016,54,19073,205389,0,13751,472770,26,43241,105903,NAS Haz waste facility in SD. MD sink 700k; +76k mostly to NV; CR 0,XX#-- ,708042,0
0,0,0,UTD070534623,0,0,681500,0,0,0,0,0,0,MD sink - UT - 681500 GAL,X-#-- ,681500,0
0,0,0,CAD980675276,5788,19868,15175,0,0,75321,931,6499,582714,Mostly 223 to H132; most of remainder to Clean harb SJ,XX#-- ,653562,0
19848,0,19848,CAD008302903,12965,25494,222469,0,0,4765,14414,333,423785,Veolia - small txfrs out of state; sink 0.6M MD; 20k CR,XX#X-#,652571,19848
0,0,0,AZR000002428,0,0,33052,0,0,0,0,0,438465,MD sink - AZ - 471517 GAL,X-#-- ,471517,0
80,0,80,NVT330010000,0,0,23691,0,0,64256,0,0,283878,MD near-sink NV 372k mostly 223 no out; CR 80 in no out,X-#X-#,371825,80
0,0,0,CAL000190816,0,4028753,4329795,0,0,0,0,1191,22213,Riverbank txfr 4.4M in 4.0M out 2.45M to TF 1.1M to Cascade .25 cowhouse others; CR 0,XX#-- ,320260,0
0,0,0,AZD983481813,0,0,301790,0,0,0,0,0,5137,MD sink - AZ - 306927 GAL,X-#-- ,306927,0
0,0,0,COR000008524,0,0,300008,0,0,0,0,0,0,MD sink - CO - 300008 GAL,X-#-- ,300008,0
0,0,0,UTR000000786,0,0,297692,0,0,0,0,0,0,MD sink - UT - 297692 GAL,X-#-- ,297692,0
0,0,0,KSD981506025,0,0,263277,0,0,0,0,0,0,MD sink - KS - 263277 GAL,X-#-- ,263277,0
0,0,0,AZR000033381,0,0,250276,0,0,0,0,0,0,MD sink - AZ - 250276 GAL,X-#-- ,250276,0
0,0,0,TXR000050013,0,0,246235,0,0,0,0,0,0,MD sink - TX - 246235 GAL,X-#-- ,246235,0
0,0,0,CAD009452657,0,57477,74673,0,0,16192,5,568,251048,223 processor sink 250k; 221 source MD 60k to Ev TF; CR 63k to Ev unk,XX#-X+,214818,-63247
0,0,3424773,CA9999999999,0,0,206226,0,0,4814,0,0,1317,Destination Unknown 3.4 Mgal CR; 212k MD 221,X-#X-#,212357,3424773
1864370,1226284,1864370,CAT080012602,1506437,3298770,2010754,0,0,0,0,0,0,DK dixon MD 3.5 in 3.3 out all DK; CR 1.8 in 1.2 out all DK,XX#XX#,211295,638086
50650,0,50650,CAD059494310,129437,86792,33598,93600,14787,1838,36943,31196,10115,clean harbors - 305k in 172k out to everywhere; CR 51k in,XX#X-#,172756,50650
0,0,0,CAD093459485,0,566,11763,0,0,138320,0,0,5744,Safety Kleen - H129 136k gal 221-222-223; CR 0,XX#-- ,155261,0
0,0,0,CAD982446874,2708001,2761840,239576,0,0,2026,0,0,0,Ev Davis; 2.95 Mgal in 2.8 Mgal out 2.63 Ev; rest Ind Oil; CR 0,XX#-- ,150128,0
0,0,0,NVD980895338,0,0,23002,0,0,8863,0,0,111253,MD sink - NV - 143118 GAL,X-#-- ,143118,0
0,0,0,AZC951206114,0,0,38492,0,0,10188,0,0,81084,MD sink - AZ - 129764 GAL,X-#-- ,129764,0
0,0,0,WAD991281767,0,0,4074,0,0,255,0,0,109438,MD sink - WA - 113767 GAL,X-#-- ,113767,0
0,0,0,AZ0000337360,0,0,82721,0,0,0,0,0,26619,MD sink - AZ - 109340 GAL,X-#-- ,109340,0
0,0,0,CAD080013352,0,0,48150,0,0,0,0,0,52373,MD sink - CA - 100523 GAL,X-#-- ,100523,0
41175,0,41175,AZR000035915,0,0,73051,0,0,246,0,0,15144,AZ sink; MD 88k vs CR 41k,X-#X-#,88441,41175
0,0,0,IAD984591032,0,0,75307,0,0,0,0,0,0,MD sink - IA - 75307 GAL,X-#-- ,75307,0
358785,0,358785,CAD982446858,1634873,1719227,152215,0,0,0,0,0,0,Ev Oil Sta Maria; 1.79 Mgal in 1.72 Mgal out 1.64 Ev .08 ISOCI; CR 0.36 in no out,XX#X-#,67834,358785
0,0,0,CAD008364432,0,0,47370,0,0,11535,19490,18266,12128,H129 processor; 60k net #; sends 13k to DK; CR 0,XX#-- ,60252,0
0,0,0,AZR000500587,0,0,55608,0,0,0,0,0,0,MD sink - AZ - 55608 GAL,X-#-- ,55608,0
0,0,0,OR0000001974,0,0,54811,0,0,0,0,0,0,MD sink - OR - 54811 GAL,X-#-- ,54811,0
0,0,0,KYD053348108,0,0,47764,0,0,571,0,0,5545,MD sink - KY - 53880 GAL,X-#-- ,53880,0
0,0,0,ARZ000030452,0,0,50840,0,0,0,0,0,0,MD sink - AR - 50840 GAL,X-#-- ,50840,0
0,0,0,AZD081705402,0,0,29769,0,0,2411,0,0,16547,MD sink - AZ - 48727 GAL,X-#-- ,48727,0
0,0,0,AZC950823111,0,0,4614,0,0,0,0,0,44015,MD sink - AZ - 48629 GAL,X-#-- ,48629,0
3513844,0,3513844,CAL000161743,8705,6476251,6280023,0,0,3836,2174,354973,581767,6.4 Mgal H039 misclassified; should be H141; to CW env mgt 4.7M; Ev 1.1M; Dk .66M; CR 3.5 Mgal in to nowhere,XX#X-#,44539,3513844
0,0,0,CAD008252405,16,186,25108,0,0,54,0,0,16615,MD near-sink CA - 41k gal 221 223,XX#-- ,41607,0
0,0,0,CAT170090016,0,0,19412,0,0,0,0,0,17698,MD sink - CA - 37110 GAL,X-#-- ,37110,0
0,0,10875,AZR000003681,0,0,35409,0,0,0,0,0,0,CR 10k self-txfr; MD 34k,X-#XX ,35409,0
0,0,0,KSD980633259,0,0,31168,0,0,0,0,0,3353,MD sink - KS - 34521 GAL,X-#-- ,34521,0
0,0,0,CAD044429835,0,0,44121,0,0,64,0,44653,34444,Clean Harbors 78k in 45k to DK; CR 0,XX#-- ,33976,0
0,0,0,CAD099452703,0,0,30804,0,0,0,0,0,0,MD sink - CA - 30804 GAL,X-#-- ,30804,0
0,0,0,IND000646943,0,0,8512,0,0,182,0,0,18760,MD sink - IN - 27454 GAL,X-#-- ,27454,0
0,0,0,ORD000001974,0,0,27405,0,0,0,0,0,0,MD sink - OR - 27405 GAL,X-#-- ,27405,0
0,0,522206,ORD980975692,0,0,27082,0,0,0,0,0,312,ORRCO MD 27k in no out; CR 631k in: 261k self txfr; 370 k self report. no idea.,X-#XX#,27394,369682
0,0,0,WAD980511729,0,0,26373,0,0,0,0,0,0,MD sink - WA - 26373 GAL,X-#-- ,26373,0
0,0,0,IND077042034,0,0,25201,0,0,0,0,0,0,MD sink - IN - 25201 GAL,X-#-- ,25201,0
0,0,0,NVR000066837,0,0,24509,0,0,68,0,0,0,MD sink - NV - 24577 GAL,X-#-- ,24577,0
0,0,0,AZD009015389,0,0,15785,0,0,249,0,0,3156,MD sink - AZ - 19190 GAL,X-#-- ,19190,0
0,0,0,CAD981694420,0,0,18396,0,0,0,0,0,0,MD sink - CA - 18396 GAL,X-#-- ,18396,0
0,0,0,CAD097030993,10489,16251,8936,0,0,9098,3535,6144,8279,Dewatering processor? almost all to DK,XX#-- ,17942,0
0,0,0,ORD000712067,0,0,14293,0,301,1549,0,0,0,Safety Kleen OR 16k in mostly 221; 300 gal 222 to DK; CR 0,XX#-- ,15541,0
0,0,0,CAD981168107,25386,9524,3054,0,0,0,1533,5826,49,SDGE - appears to consume 15k - 15k to clean harbors; CR 0,XX#-- ,14672,0
0,0,0,CAT981696420,0,0,501,0,0,0,0,0,13183,MD sink - CA - 13684 GAL,X-#-- ,13684,0
0,0,0,CAT080014079,12164,190,1797,0,0,54,8613,9309,491,Veolia Richmond CA 23k in 10k out 223. CR 0. presume RFO,XX#-- ,13620,0
0,0,0,NVD982441529,0,60,12560,0,0,0,0,0,0,MD near-sink NV 12.5k; CR 0,XX#-- ,12500,0
0,0,0,NED981723513,0,0,424,0,0,339,0,0,10007,MD sink - NE - 10770 GAL,X-#-- ,10770,0
0,0,0,CAD097452708,0,0,8130,0,0,0,0,0,0,MD sink - CA - 8130 GAL,X-#-- ,8130,0
0,0,0,CAD099452709,0,0,7993,0,0,0,0,0,0,MD sink - CA - 7993 GAL,X-#-- ,7993,0
0,0,0,ORQ000007781,0,0,7648,0,0,0,0,0,0,MD sink - OR - 7648 GAL,X-#-- ,7648,0
0,0,0,CAD180761934,0,0,6851,0,0,0,0,0,0,MD sink - CA - 6851 GAL,X-#-- ,6851,0
0,0,0,CAD982246882,0,0,5500,0,0,0,0,0,0,MD sink - CA - 5500 GAL,X-#-- ,5500,0
0,0,0,NVD981358483,0,0,5479,0,0,0,0,0,0,MD sink - NV - 5479 GAL,X-#-- ,5479,0
0,0,0,CAT981693422,0,0,1555,0,0,0,0,0,3175,MD sink - CA - 4730 GAL,X-#-- ,4730,0
0,0,0,CAD09452708,0,0,4564,0,0,0,0,0,0,MD sink - CA - 4564 GAL,X-#-- ,4564,0
0,0,0,CAD982446262,0,0,4052,0,0,0,0,0,0,MD sink - CA - 4052 GAL,X-#-- ,4052,0
0,0,0,CAD982446862,0,0,3937,0,0,0,0,0,0,MD sink - CA - 3937 GAL,X-#-- ,3937,0
0,0,0,AZR24503038,0,0,3499,0,0,0,0,0,0,MD sink - AZ - 3499 GAL,X-#-- ,3499,0
0,0,0,CAT000013352,0,0,3425,0,0,0,0,0,0,MD sink - CA - 3425 GAL,X-#-- ,3425,0
0,0,0,CAD044035567,0,0,3310,0,0,0,0,0,0,MD sink - CA - 3310 GAL,X-#-- ,3310,0
0,0,0,CAT080013532,0,0,3107,0,0,0,0,0,0,MD sink - CA - 3107 GAL,X-#-- ,3107,0
0,0,0,CAL044003556,0,0,3009,0,0,0,0,0,0,MD sink - CA - 3009 GAL,X-#-- ,3009,0
0,0,0,CAL004003556,0,0,2949,0,0,0,0,0,0,MD sink - CA - 2949 GAL,X-#-- ,2949,0
0,0,0,CAT080053352,0,0,1884,0,0,0,0,0,942,MD sink - CA - 2826 GAL,X-#-- ,2826,0
0,0,0,CAL000161746,0,0,2817,0,0,0,0,0,0,MD sink - CA - 2817 GAL,X-#-- ,2817,0
0,0,0,CAD981423539,0,0,2795,0,0,0,0,0,0,MD sink - CA - 2795 GAL,X-#-- ,2795,0
0,0,0,CA0099452709,0,0,2710,0,0,0,0,0,0,MD sink - CA - 2710 GAL,X-#-- ,2710,0
0,0,0,CAD098452708,0,0,2511,0,0,0,0,0,0,MD sink - CA - 2511 GAL,X-#-- ,2511,0
0,0,0,CAD09945222,0,0,2511,0,0,0,0,0,0,MD sink - CA - 2511 GAL,X-#-- ,2511,0
0,0,0,CAT000625137,0,20178,19581,0,0,0,0,0,3075,So Cal Gas 23k in 20k out EES; CR 0,XX#-- ,2478,0
0,0,0,CAD982484933,0,0,2327,0,0,0,0,0,0,MD sink - CA - 2327 GAL,X-#-- ,2327,0
0,0,0,CA0099455577,0,0,2283,0,0,0,0,0,0,MD sink - CA - 2283 GAL,X-#-- ,2283,0
0,0,0,CA9059494310,0,0,2283,0,0,0,0,0,0,MD sink - CA - 2283 GAL,X-#-- ,2283,0
0,0,0,CAD,0,0,2283,0,0,0,0,0,0,MD sink - CA - 2283 GAL,X-#-- ,2283,0
0,0,0,CAL000170816,0,0,2196,0,0,0,0,0,0,MD sink - CA - 2196 GAL,X-#-- ,2196,0
0,0,0,CAD044003557,0,0,2190,0,0,0,0,0,0,MD sink - CA - 2190 GAL,X-#-- ,2190,0
0,0,0,CAD044403556,0,0,2105,0,0,0,0,0,0,MD sink - CA - 2105 GAL,X-#-- ,2105,0
0,0,0,CA0004003556,0,0,2026,0,0,0,0,0,0,MD sink - CA - 2026 GAL,X-#-- ,2026,0
0,0,0,CAD982446822,0,0,1996,0,0,0,0,0,0,MD sink - CA - 1996 GAL,X-#-- ,1996,0
0,0,0,CAD981676420,0,0,1974,0,0,0,0,0,0,MD sink - CA - 1974 GAL,X-#-- ,1974,0
0,0,0,AXR24503038,0,0,1938,0,0,0,0,0,0,MD sink - AX - 1938 GAL,X-#-- ,1938,0
0,0,0,CAD099457208,0,0,1938,0,0,0,0,0,0,MD sink - CA - 1938 GAL,X-#-- ,1938,0
0,0,0,CAD982446824,0,0,1916,0,0,0,0,0,0,MD sink - CA - 1916 GAL,X-#-- ,1916,0
0,0,0,CAL000470191,0,0,1884,0,0,0,0,0,0,MD sink - CA - 1884 GAL,X-#-- ,1884,0
0,0,0,NVD980893660,0,0,512,0,0,0,0,0,1369,MD sink - NV - 1881 GAL,X-#-- ,1881,0
0,0,0,CAD98244874,0,0,1801,0,0,0,0,0,0,MD sink - CA - 1801 GAL,X-#-- ,1801,0
0,0,0,AZ424503038,0,0,1711,0,0,0,0,0,0,MD sink - AZ - 1711 GAL,X-#-- ,1711,0
0,0,0,CAD099452705,0,0,1711,0,0,0,0,0,0,MD sink - CA - 1711 GAL,X-#-- ,1711,0
0,0,0,CAD980887918,0,0,1711,0,0,0,0,0,0,MD sink - CA - 1711 GAL,X-#-- ,1711,0
0,0,0,CAL000190819,0,0,1711,0,0,0,0,0,0,MD sink - CA - 1711 GAL,X-#-- ,1711,0
0,0,0,CAD044003356,0,0,1700,0,0,0,0,0,0,MD sink - CA - 1700 GAL,X-#-- ,1700,0
0,0,0,CAD981142653,0,0,1684,0,0,0,0,0,0,MD sink - CA - 1684 GAL,X-#-- ,1684,0
0,0,0,CAD099452,0,0,1632,0,0,0,0,0,0,MD sink - CA - 1632 GAL,X-#-- ,1632,0
0,0,0,CAD044003551,0,0,1596,0,0,0,0,0,0,MD sink - CA - 1596 GAL,X-#-- ,1596,0
0,0,0,CAD980183950,0,0,1552,0,0,0,0,0,0,MD sink - CA - 1552 GAL,X-#-- ,1552,0
0,0,0,CAL000190418,0,0,1545,0,0,0,0,0,0,MD sink - CA - 1545 GAL,X-#-- ,1545,0
0,0,0,CAD044033556,0,0,1454,0,0,0,0,0,0,MD sink - CA - 1454 GAL,X-#-- ,1454,0
0,0,0,CAD009945270,0,0,1369,0,0,0,0,0,0,MD sink - CA - 1369 GAL,X-#-- ,1369,0
0,0,0,CAD044,0,0,1311,0,0,0,0,0,0,MD sink - CA - 1311 GAL,X-#-- ,1311,0
0,0,0,CAD981684420,0,0,1191,0,0,0,0,0,0,MD sink - CA - 1191 GAL,X-#-- ,1191,0
0,0,0,MOD981505555,0,0,1142,0,0,0,0,0,0,MD sink - MO - 1142 GAL,X-#-- ,1142,0
0,0,0,CAT080031352,0,0,1084,0,0,0,0,0,0,MD sink - CA - 1084 GAL,X-#-- ,1084,0
0,0,0,CAT080013353,0,0,969,0,0,0,0,0,0,MD sink - CA - 969 GAL,X-#-- ,969,0
0,0,0,CAD050808850,0,0,903,0,0,0,0,0,0,MD sink - CA - 903 GAL,X-#-- ,903,0
0,0,0,CA9170090016,0,0,854,0,0,0,0,0,0,MD sink - CA - 854 GAL,X-#-- ,854,0
0,0,0,CAL000190316,0,0,854,0,0,0,0,0,0,MD sink - CA - 854 GAL,X-#-- ,854,0
0,0,0,CAD044063556,0,0,843,0,0,0,0,0,0,MD sink - CA - 843 GAL,X-#-- ,843,0
0,0,0,CAD980888418,0,0,826,0,0,0,0,0,0,MD sink - CA - 826 GAL,X-#-- ,826,0
0,0,0,CAL000161749,0,0,717,0,0,0,0,0,0,MD sink - CA - 717 GAL,X-#-- ,717,0
0,0,0,LAD008187080,0,0,705,0,0,0,0,0,0,MD sink - LA - 705 GAL,X-#-- ,705,0
0,0,0,CAD98444481,0,0,684,0,0,0,0,0,0,MD sink - CA - 684 GAL,X-#-- ,684,0
0,0,0,ARD981057870,0,0,665,0,0,0,0,0,0,MD sink - AR,X-#-- ,665,0
0,0,0,CAD028409091,0,0,591,0,0,0,0,0,67,MD sink - CA - 658 GAL,X-#-- ,658,0
0,0,0,CAD446874,0,0,621,0,0,0,0,0,0,MD sink - CA - 621 GAL,X-#-- ,621,0
0,0,0,CAD028013352,0,0,292,0,0,0,0,0,312,MD sink - CA - 604 GAL,X-#-- ,604,0
0,0,0,TND982109142,0,0,582,0,0,0,0,0,0,MD sink - TN - 582 GAL,X-#-- ,582,0
0,0,0,CAT080013350,0,0,580,0,0,0,0,0,0,MD sink - CA - 580 GAL,X-#-- ,580,0
0,0,0,UTD988074712,0,0,245,0,0,0,0,0,326,MD sink - UT - 571 GAL,X-#-- ,571,0
0,0,0,CAT080027711,0,0,569,0,0,0,0,0,0,MD sink - CA - 569 GAL,X-#-- ,569,0
0,0,0,TXD077603371,0,0,461,0,0,60,0,0,46,MD sink - TX - 567 GAL,X-#-- ,567,0
0,0,0,CAD028403019,0,0,558,0,0,0,0,0,0,MD sink - CA - 558 GAL,X-#-- ,558,0
0,0,0,CAL000161748,0,0,495,0,0,0,0,0,0,MD sink - CA - 495 GAL,X-#-- ,495,0
0,0,0,UTD991301748,0,0,60,0,0,0,0,0,404,MD sink - UT - 464 GAL,X-#-- ,464,0
0,0,0,CAD09945270,0,0,454,0,0,0,0,0,0,MD sink - CA - 454 GAL,X-#-- ,454,0
0,0,0,UT0981552177,0,0,454,0,0,0,0,0,0,MD sink - UT - 454 GAL,X-#-- ,454,0
0,0,0,CAT000613893,101,196,481,0,0,30,0,0,0,Safety Kleen el monte; 600 gal 170 to DK; CR 0; minor.,XX#-- ,416,0
0,0,0,CAD009007626,0,0,380,0,0,0,0,0,0,MD sink - CA - 380 GAL,X-#-- ,380,0
0,0,0,CAL088838222,0,0,3332,0,0,0,0,0,0,3.3k in 3.0k out to bayside oil. just a hauler. CR 0,XX#-- ,370,0
0,0,0,CAD982444482,0,0,366,0,0,0,0,0,0,MD sink - CA - 366 GAL,X-#-- ,366,0
0,0,0,CAD980887413,0,0,358,0,0,0,0,0,0,MD sink - CA - 358 GAL,X-#-- ,358,0
0,0,0,CAR000161743,0,0,353,0,0,0,0,0,0,MD sink - CA - 353 GAL,X-#-- ,353,0
0,0,0,FLD980711071,0,0,246,0,0,0,0,0,104,MD sink - FL - 350 GAL,X-#-- ,350,0
0,0,0,CAT080013322,0,0,317,0,0,0,0,0,0,MD sink - CA - 317 GAL,X-#-- ,317,0
0,0,0,CAD008302939,0,0,284,0,0,0,0,0,0,MD sink - CA - 284 GAL,X-#-- ,284,0
0,0,0,CAL000255507,0,0,284,0,0,0,0,0,0,MD sink - CA - 284 GAL,X-#-- ,284,0
0,0,0,CAD0,0,0,254,0,0,0,0,0,0,MD sink - CA - 254 GAL,X-#-- ,254,0
0,0,0,CAT080033618,0,0,249,0,0,0,0,0,0,MD sink - CA - 249 GAL,X-#-- ,249,0
0,0,0,CHD981426539,0,0,227,0,0,0,0,0,0,MD sink - CH - 227 GAL,X-#-- ,227,0
0,0,0,CAL981694420,0,0,197,0,0,0,0,0,0,MD sink - CA - 197 GAL,X-#-- ,197,0
0,0,0,CA0000190816,0,0,169,0,0,0,0,0,0,MD sink - CA - 169 GAL,X-#-- ,169,0
0,0,0,TXD008092793,0,0,167,0,0,0,0,0,0,MD sink - TX - 167 GAL,X-#-- ,167,0
0,0,0,CAD982444981,0,0,158,0,0,0,0,0,0,MD sink - CA - 158 GAL,X-#-- ,158,0
0,0,0,CAD982448874,0,0,138,0,0,0,0,0,0,MD sink - CA - 138 GAL,X-#-- ,138,0
0,0,0,CAD000190816,0,0,136,0,0,0,0,0,0,MD sink - CA - 136 GAL,X-#-- ,136,0
0,0,0,CAT981426539,0,0,136,0,0,0,0,0,0,MD sink - CA - 136 GAL,X-#-- ,136,0
0,0,0,NED981723518,0,0,128,0,0,0,0,0,2,MD sink - NE - 130 GAL,X-#-- ,130,0
0,0,0,CAD000013352,0,0,123,0,0,0,0,0,0,MD sink - CA - 123 GAL,X-#-- ,123,0
0,0,0,CAR000190816,0,0,123,0,0,0,0,0,0,MD sink - CA - 123 GAL,X-#-- ,123,0
0,0,0,CAT981692428,0,0,120,0,0,0,0,0,0,MD sink - CA - 120 GAL,X-#-- ,120,0
0,0,0,CAT981696428,0,0,60,0,0,0,0,0,60,MD sink - CA - 120 GAL,X-#-- ,120,0
0,0,0,CAD000945265,0,0,109,0,0,0,0,0,5,MD sink - CA - 114 GAL,X-#-- ,114,0
0,0,0,CAD080033681,0,0,60,0,0,0,0,0,54,MD sink - CA - 114 GAL,X-#-- ,114,0
0,0,0,CAD008232405,0,0,112,0,0,0,0,0,0,MD sink - CA - 112 GAL,X-#-- ,112,0
0,0,0,KYD053348105,0,0,82,0,0,0,0,0,0,MD sink - KY - 82 GAL,X-#-- ,82,0
0,0,0,CAD05806850,0,0,60,0,0,0,0,0,0,MD sink - CA - 60 GAL,X-#-- ,60,0
0,0,0,CAT000625136,0,0,60,0,0,0,0,0,0,MD sink - CA - 60 GAL,X-#-- ,60,0
0,0,0,CAT08001335,0,0,60,0,0,0,0,0,0,MD sink - CA - 60 GAL,X-#-- ,60,0
0,0,0,WAD020257945,0,0,60,0,0,0,0,0,0,MD sink - WA - 60 GAL,X-#-- ,60,0
0,0,0,IND093219012,0,0,57,0,0,0,0,0,0,MD sink - IN - 57 GAL,X-#-- ,57,0
0,0,0,NVR000076158,0,0,57,0,0,0,0,0,0,MD sink - NV - 57 GAL,X-#-- ,57,0
0,0,0,CAD028409109,0,0,54,0,0,0,0,0,0,MD sink - CA - 54 GAL,X-#-- ,54,0
0,0,0,CAD028400010,0,0,49,0,0,0,0,0,0,MD sink - CA - 49 GAL,X-#-- ,49,0
0,0,0,CAD060897063,0,0,35,0,0,0,0,0,0,MD sink - CA - 35 GAL,X-#-- ,35,0
0,0,0,UTD981552170,0,0,32,0,0,0,0,0,0,MD sink - UT - 32 GAL,X-#-- ,32,0
0,0,0,CAD008302901,0,0,30,0,0,0,0,0,0,MD sink - CA - 30 GAL,X-#-- ,30,0
0,0,0,CAD982444487,0,0,27,0,0,0,0,0,0,MD sink - CA - 27 GAL,X-#-- ,27,0
0,0,0,CAL000124158,0,0,27,0,0,0,0,0,0,MD sink - CA - 27 GAL,X-#-- ,27,0
0,0,0,CAD050806950,0,0,21,0,0,0,0,0,0,MD sink - CA - 21 GAL,X-#-- ,21,0
0,0,0,CAD009004626,0,0,13,0,0,0,0,0,0,MD sink - CA - 13 GAL,X-#-- ,13,0
0,0,0,CAD028209109,0,0,10,0,0,0,0,0,0,MD sink - CA - 10 GAL,X-#-- ,10,0
0,0,0,TXD077603871,0,0,10,0,0,0,0,0,0,MD sink - TX - 10 GAL,X-#-- ,10,0
0,0,255355,NVD980893663,0,0,280782,0,0,0,0,0,0,Reno drain oil; MD 281k self txfr; CR 255k self txfr; assume RFO,XX XX ,0,0
0,0,0,CAL000233905,0,0,2853,0,0,0,0,0,0,EOPT 2.8k self txfr. presume RFO.,XX -- ,0,0
101900,0,101900,AZR000033881,0,0,0,0,0,0,0,0,0,AZ CR major sink 100k; MD 0,-- X-#,0,101900
0,13075,0,CAD053866794,0,0,0,0,0,0,0,0,0,CR hauler 13k to DK,-- XX+,0,-13062
2924053,0,2924053,CAL000190818,0,0,0,0,0,0,0,0,0,PB collision NO MD! CR 2.9 Mgal in no out. don't know what to make of this,-- X-#,0,2924053
0,29087,0,CAR000056580,0,0,0,0,0,0,0,0,0,Adv Indust Recyc. No MD! CR Gen 29k; 26k EES; 3k DK,-- XX+,0,-25087
0,538249,2752,MAD039322250,0,0,0,0,0,0,0,0,0,Clean Harb ES. No MD! CR gen 538k; 278k Cl Harb L.A.; 147k DK; 60k UT,-- XX+,0,-538249
150,0,150,MAD053452637,0,0,0,0,0,0,0,0,0,No MD! CR sink MA 150 gal,-- X-#,0,150
500,0,500,NED981723613,0,0,0,0,0,0,0,0,0,No MD! CR sink NE - 500 gal,-- X-#,0,500
2000,0,2000,TXD982290140,0,0,0,0,0,0,0,0,0,safety kleen TX; No MD! CR sink TX - 2000 gal,-- X-#,0,2000
114613,0,114613,UDT981552177,0,0,0,0,0,0,0,0,0,No MD! CR sink UT - 115k gal - check for str_nearest EPAID,-- X-#,0,114613
0,0,0,CAD982513699,0,342,284,0,0,0,0,0,0,environ dynamics. 284 in 342 out clean harbors. CR 0\,XX+-- ,-58,0
0,0,0,CAT000613976,0,364,317,0,0,0,0,0,0,safety kleen - 240 gal DK 115 SK 43 EES. minor.,XX+-- ,-90,0
0,0,0,CAD983664210,0,0,112,0,0,0,0,0,0,hoist fitness sys generator; 1.6k to DK; CR 0,XX+-- ,-1514,0
0,0,0,CAL000027724,0,2165,435,0,0,0,0,0,0,EES pomona - 2.1k to ev; CR 0,XX+-- ,-1730,0
0,0,0,CA0000084517,0,0,89,0,0,0,67,5079,408,Safety-Kleen Sac aggregator MD +4.5k to CAD980675276; CR 0,XX+-- ,-4515,0
0,0,0,CAD000633230,0,84,1166,0,0,0,0,19,112,Raytheon El Segundo; 6k 222 to DK; CR 0,XX+-- ,-5035,0
0,0,0,CAR000030114,0,7036,654,0,0,0,0,0,0,NRC 7k to riverbank. CR 0.,XX+-- ,-6598,0
0,0,0,CAL000827844,913866,952455,46267,0,0,0,0,0,0,Asbury ES; 960k in 967k out all DK; CR no in 426k out to DK,XX+-X+,-7404,-425748
725567,357800,1153821,CAD981426539,8937,860888,1099692,0,0,0,0,0,7648,Butler Oil MD 850k to ISOCI_ Clearwater; CR 786k to same; good agr,XX+XX#,-8494,349993
0,0,0,CAD982446882,2135268,2284605,141293,0,0,0,0,0,0,Ev Fresno - 2.28 in 2.29 out 2.26 Ev; CR 0,XX+-- ,-16454,0
0,0,0,CAD980884183,5306,3490,476,0,0,0,5266,41192,1901,Hauler consolidator 45k to various, non mainline,XX+-- ,-31733,0
0,0,0,CA6170024289,35,3115,9788,0,0,0,41,6643,7118,San Diego NAS 35k net generator to clean harbors; CR 0,XX+-- ,-35023,0
0,0,0,CAL000254138,0,44385,54,0,0,0,0,0,0,generator; 44k to DK; CR 0,XX+-- ,-44385,0
0,80891,0,CAL000827857,0,0,0,0,0,0,0,0,0,JSE; gen; MD 62k mostly ISOCI; CR 81k to ISOCI,-X+XX+,-62417,-80531
0,0,0,CAD982504979,0,75595,512,0,0,0,0,0,0,Adona trkg; generator; 83k to CW alviso; CR 16k to alviso,XX+-X+,-83007,-16250
0,112469,0,CAL000266863,0,0,0,0,0,0,0,0,0,Cal Cool; gen; MD 109k to EES; CR 112k to EES,-X+XX+,-109197,-104539
0,0,0,CAD980673842,0,111191,1555,0,0,0,0,0,0,CR hauler; MD 111k to riverbank; CR 100k to a DBA,XX+-X+,-114627,-135343
0,0,0,CAD048456941,207,75343,284,0,0,0,0,0,0,Generator 130k to DK; CR 0,XX+-- ,-133564,0
0,0,0,AZD981969504,323,177575,10527,0,0,270,0,0,0,221 backflow generator to DK 166 kgal,XX+-- ,-166455,0
947120,0,947120,CAL000102751,403152,2762677,2182035,0,0,0,0,0,0,SJQ filter recyc 2.58 in 2.76 out all DK; CR 0.95 in,XX+X-#,-177673,947120
0,0,0,CAD980814446,0,189538,410,0,0,0,0,0,0,Alarcon's - 175k DK 13k ISOCI; CR very good agr 156k DK 14k ISOCI,XX+-X+,-189128,-171175
0,240185,0,CAL913534912,0,0,0,0,0,0,0,0,0,Sac Waste oil; Gen; MD 271k Ramos; CR 240k Ramos,-X+XX+,-270763,-239996
0,355455,0,CAD982359671,0,0,0,0,0,0,0,0,0,Hauler Generator MD 291k mostly ISOCI; CR 355k to ISOCI,-X+XX+,-291367,-355135
0,323030,91592,CAR000148296,0,333947,454,0,0,0,0,0,0,Starlite. neg in; 335k out ev 152k butler oil 145k; CR good agreement,XX+XX+,-334326,-323030
278222,0,278222,CAD050806850,834483,1429723,254287,0,0,0,22268,25814,388,Clean Harbors LA; 622k to golden eagle 372k to aragonite; CR 278k to nowhere,XX+X-#,-344130,278222
0,0,0,CAL000268462,0,419804,1911,0,0,0,0,0,0,Coles Svcs 1.9k in 420k out DK 1.7k 223 to filter recyc. CR 0,XX+-- ,-421515,0
374942,0,374942,CAL930256136,385260,435676,59841,0,0,0,0,0,0,Asbury Fortuna; 445k in all self txfr; net 435k out industrial oil inc; CR 375k in no out,XX+X-#,-435730,374942
890,637115,890,CAL000264806,0,0,0,0,0,0,0,0,0,Express oil co; MD gen 441k to DK; CR gen 637k to DK,-X+XX+,-441199,-636225
343237,0,835580,CAD088838222,0,1305698,1300744,0,0,0,0,0,312,Bayside oil net gen 560k 1.86 M out; 0.89 DK /asbury 0.4 CW env mgt 0.55 self-txfr; CR 0.84 in incl 0.5 self-txfr no out,XX+XX#,-560163,343237
0,451501,0,CAL000188867,0,0,0,0,0,0,0,0,0,Max Oil Svc generator; 571k out mostly ramos; riverbank; bayside; alviso; CR 451k good agr except riverbank,XX+XX+,-569269,-436996
0,0,0,CAR000148676,0,621349,3447,0,0,0,0,0,0,BMG oil svc generator hauler 620k out to EES; CR 9,XX+-- ,-622433,0
0,0,0,CAD008493322,0,867092,4222,0,0,0,0,0,0,generator 221 to ISOCI_ Butler; MD 0.87 Mgal; CR 0.6 Mgal,XX+-X+,-867365,-598917
0,220900,737293,CAD980813950,0,1031203,1109348,0,0,0,0,0,0,Crane's- 1.1M self- 750k to ISOCI 241k MESE; CR 117k to ISOCI; poor,XX+XX+,-1031203,-222132
1892478,0,3176733,CAD044003556,5860164,6162633,522881,0,0,0,386570,619338,23944,Ramos txfr hub 5.8M 221 plus 0.48M 223 to DK ; 1.3M self; CR 1.9M to nowhere,XX+XX#,-1286703,1836260
116900,68708,238385,CAD982444481,253322,1475271,166252,0,0,55170,226634,1113865,239686,Filter Recyc svc 941k in 223 221; 2.7 Mgal out - East Carbon 1.8; Cu mtn 0.5; Ev 0.17; CR 0.12 in 0.19 out unknown,XX+XX+,-1757760,-73293
6340,374942,2097345,CAD980694103,2351193,2664372,363278,0,0,0,0,0,0,Asbury - MD CR good agreement on 2.4 Mgal to Asbury Chico; also 2.4M to ISOCI and others unreported on CR,XX+XX+,-2397873,-367602
0,0,0,CAR000007013,0,3852126,6851,0,0,0,0,0,0,Clearwater Env Mgt CA generator 3.85 Mgal to Alviso indep; CR 3.1 Mgal to Alviso indep,XX+-X+,-3849238,-3121584
14146779,0,14146779,CAD981696420,6330,14567657,14977320,569,16556,82600,0,4742,144846,EES 15.2 M in 21.9 Mgal out 11.8 ISOCI 7.3 Ev 2.5 DK; CR 14M in to nowhere,XX+X-#,-6712397,14146779

CR_TxIn,CR_TxOut,CR_bal,EPAID,MD221_In,MD221_Out,MD221_x,MD222_In,MD222_Out,MD222_x,MD223_In,MD223_Out,MD223_x,Eval,Type,MDnet,CRnet
TOTAL
91032623,6377660,99146842, ,33164940,69027137,159100675,94228,45695,6694915,747849,2459799,12260757, , ,127472171,133943465

